<?xml version="1.0" encoding="UTF-8"?>
<cpk>
    <elementTypes defaultElement="main">
        <elementType name="Dashboard" class="pt.webdetails.cpk.elements.impl.DashboardElement">
            <elementLocations>
                <elementLocation path="dashboards/admin" isRecursive="true" pattern=".*\.wcdf" adminOnly="true"/>
                <elementLocation path="dashboards/" isRecursive="true" pattern=".*\.wcdf" adminOnly="false"/>
            </elementLocations>
        </elementType>
        <elementType name="Kettle" class="pt.webdetails.cpk.elements.impl.KettleJobElement">
            <elementLocations>
                <elementLocation path="endpoints/kettle/admin" isRecursive="true" pattern=".*\.kjb" adminOnly="true"/>
                <elementLocation path="endpoints/kettle/" isRecursive="true" pattern=".*\.kjb" adminOnly="false"/>
            </elementLocations>
        </elementType>
        <elementType name="Kettle" class="pt.webdetails.cpk.elements.impl.KettleTransformationElement">
            <elementLocations>
                <elementLocation path="endpoints/kettle/admin" isRecursive="true" pattern=".*\.ktr" adminOnly="true"/>
                <elementLocation path="endpoints/kettle/" isRecursive="true" pattern=".*\.ktr" adminOnly="false"/>
            </elementLocations>
        </elementType>
    </elementTypes> 
    <info>
        <CPK_version>5</CPK_version>
        <description>Parte do Mini Curso para o PentahoDay 2017 - Design Patterns para Tuning Pentaho com Ctools</description>
        <name>DesignPatternsPentaho</name>
        <author_email>eduardo@e-Setorial.com.br</author_email>
        <author_name>Eduardo Alves de Carvalho</author_name>
        <company_name>e-Setorial Business Analytics</company_name>
        <company_url>www.e-Setorial.com.br</company_url>
        <creation_date>2017-04-15</creation_date>
        <version>0.1</version>
    </info>
</cpk> 
