<?xml version="1.0" encoding="UTF-8"?>
<con:soapui-project id="e6a1d4bd-7881-4998-b5e2-64891c23ed81" activeEnvironment="Default" name="HolidayService2" soapui-version="5.3.0" abortOnError="false" runType="SEQUENTIAL" xmlns:con="http://eviware.com/soapui/config"><con:settings/><con:interface xsi:type="con:WsdlInterface" id="985617bf-76b6-482a-abfd-6293e02f71b1" wsaVersion="NONE" name="HolidayService2Soap12" type="wsdl" bindingName="{http://www.holidaywebservice.com/HolidayService_v2/}HolidayService2Soap12" soapVersion="1_2" anonymous="optional" definition="http://www.holidaywebservice.com//HolidayService_v2/HolidayService2.asmx?wsdl" xmlns:xsi="http://www.w3.org/2001/XMLSchema-instance"><con:settings/><con:definitionCache/><con:endpoints><con:endpoint>http://www.holidaywebservice.com/HolidayService_v2/HolidayService2.asmx</con:endpoint></con:endpoints><con:operation id="f8fd396f-59a4-4908-8993-0e23b5a5772f" isOneWay="false" action="http://www.holidaywebservice.com/HolidayService_v2/GetCountriesAvailable" name="GetCountriesAvailable" bindingOperationName="GetCountriesAvailable" type="Request-Response" inputName="" receivesAttachments="false" sendsAttachments="false" anonymous="optional"><con:settings/><con:call id="6ec22445-a9fa-4b3f-88ad-877c171423bc" name="Request 1"><con:settings/><con:encoding>UTF-8</con:encoding><con:endpoint>http://www.holidaywebservice.com/HolidayService_v2/HolidayService2.asmx</con:endpoint><con:request><![CDATA[<soap:Envelope xmlns:soap="http://www.w3.org/2003/05/soap-envelope" xmlns:hol="http://www.holidaywebservice.com/HolidayService_v2/">\r
   <soap:Header/>\r
   <soap:Body>\r
      <hol:GetCountriesAvailable/>\r
   </soap:Body>\r
</soap:Envelope>]]></con:request><con:wsaConfig mustUnderstand="NONE" version="200508" action="http://www.holidaywebservice.com/HolidayService_v2/HolidayService2Soap/GetCountriesAvailableRequest"/></con:call></con:operation><con:operation id="f9bcc010-1da6-4ccf-a5d8-7a39c7401bd0" isOneWay="false" action="http://www.holidaywebservice.com/HolidayService_v2/GetHolidayDate" name="GetHolidayDate" bindingOperationName="GetHolidayDate" type="Request-Response" inputName="" receivesAttachments="false" sendsAttachments="false" anonymous="optional"><con:settings/><con:call id="357e5ef1-2441-4b4b-97a2-4e01f61397b3" name="Request 1"><con:settings><con:setting id="com.eviware.soapui.impl.wsdl.WsdlRequest@request-headers">&lt;xml-fragment/></con:setting></con:settings><con:encoding>UTF-8</con:encoding><con:endpoint>http://www.holidaywebservice.com/HolidayService_v2/HolidayService2.asmx</con:endpoint><con:request><![CDATA[<soap:Envelope xmlns:soap="http://www.w3.org/2003/05/soap-envelope" xmlns:hol="http://www.holidaywebservice.com/HolidayService_v2/">\r
   <soap:Header/>\r
   <soap:Body>\r
      <hol:GetHolidayDate>\r
         <hol:countryCode>UnitedStates</hol:countryCode>\r
         <!--Optional:-->\r
        <hol:holidayCode>THANKSGIVING</hol:holidayCode>\r
         <hol:year>2017</hol:year>\r
      </hol:GetHolidayDate>\r
   </soap:Body>\r
</soap:Envelope>]]></con:request><con:credentials><con:authType>No Authorization</con:authType></con:credentials><con:jmsConfig JMSDeliveryMode="PERSISTENT"/><con:jmsPropertyConfig/><con:wsaConfig mustUnderstand="NONE" version="200508" action="http://www.holidaywebservice.com/HolidayService_v2/HolidayService2Soap/GetHolidayDateRequest"/><con:wsrmConfig version="1.2"/></con:call></con:operation><con:operation id="0902fd51-045e-4c11-8735-acd48bc053b9" isOneWay="false" action="http://www.holidaywebservice.com/HolidayService_v2/GetHolidaysAvailable" name="GetHolidaysAvailable" bindingOperationName="GetHolidaysAvailable" type="Request-Response" inputName="" receivesAttachments="false" sendsAttachments="false" anonymous="optional"><con:settings/><con:call id="c8659a42-5cfd-47d9-8abc-914dd575eb45" name="Request 1"><con:settings/><con:encoding>UTF-8</con:encoding><con:endpoint>http://www.holidaywebservice.com/HolidayService_v2/HolidayService2.asmx</con:endpoint><con:request><![CDATA[<soap:Envelope xmlns:soap="http://www.w3.org/2003/05/soap-envelope" xmlns:hol="http://www.holidaywebservice.com/HolidayService_v2/">\r
   <soap:Header/>\r
   <soap:Body>\r
      <hol:GetHolidaysAvailable>\r
         <hol:countryCode>?</hol:countryCode>\r
      </hol:GetHolidaysAvailable>\r
   </soap:Body>\r
</soap:Envelope>]]></con:request><con:wsaConfig mustUnderstand="NONE" version="200508" action="http://www.holidaywebservice.com/HolidayService_v2/HolidayService2Soap/GetHolidaysAvailableRequest"/></con:call></con:operation><con:operation id="d0ac071b-8110-4562-9e38-0ea524ff7c20" isOneWay="false" action="http://www.holidaywebservice.com/HolidayService_v2/GetHolidaysForDateRange" name="GetHolidaysForDateRange" bindingOperationName="GetHolidaysForDateRange" type="Request-Response" inputName="" receivesAttachments="false" sendsAttachments="false" anonymous="optional"><con:settings/><con:call id="039e106c-8960-4e62-852a-4304c46330bb" name="Request 1"><con:settings/><con:encoding>UTF-8</con:encoding><con:endpoint>http://www.holidaywebservice.com/HolidayService_v2/HolidayService2.asmx</con:endpoint><con:request><![CDATA[<soap:Envelope xmlns:soap="http://www.w3.org/2003/05/soap-envelope" xmlns:hol="http://www.holidaywebservice.com/HolidayService_v2/">\r
   <soap:Header/>\r
   <soap:Body>\r
      <hol:GetHolidaysForDateRange>\r
         <hol:countryCode>?</hol:countryCode>\r
         <hol:startDate>?</hol:startDate>\r
         <hol:endDate>?</hol:endDate>\r
      </hol:GetHolidaysForDateRange>\r
   </soap:Body>\r
</soap:Envelope>]]></con:request><con:wsaConfig mustUnderstand="NONE" version="200508" action="http://www.holidaywebservice.com/HolidayService_v2/HolidayService2Soap/GetHolidaysForDateRangeRequest"/></con:call></con:operation><con:operation id="7b2c8893-661e-4b3b-ad46-54cbb3d1a7a8" isOneWay="false" action="http://www.holidaywebservice.com/HolidayService_v2/GetHolidaysForMonth" name="GetHolidaysForMonth" bindingOperationName="GetHolidaysForMonth" type="Request-Response" inputName="" receivesAttachments="false" sendsAttachments="false" anonymous="optional"><con:settings/><con:call id="b0192e73-84dd-4442-a93d-e247a8b08f43" name="Request 1"><con:settings/><con:encoding>UTF-8</con:encoding><con:endpoint>http://www.holidaywebservice.com/HolidayService_v2/HolidayService2.asmx</con:endpoint><con:request><![CDATA[<soap:Envelope xmlns:soap="http://www.w3.org/2003/05/soap-envelope" xmlns:hol="http://www.holidaywebservice.com/HolidayService_v2/">\r
   <soap:Header/>\r
   <soap:Body>\r
      <hol:GetHolidaysForMonth>\r
         <hol:countryCode>?</hol:countryCode>\r
         <hol:year>?</hol:year>\r
         <hol:month>?</hol:month>\r
      </hol:GetHolidaysForMonth>\r
   </soap:Body>\r
</soap:Envelope>]]></con:request><con:wsaConfig mustUnderstand="NONE" version="200508" action="http://www.holidaywebservice.com/HolidayService_v2/HolidayService2Soap/GetHolidaysForMonthRequest"/></con:call></con:operation><con:operation id="fa24ac8d-2ef3-4b87-8a88-1c0c67a9b506" isOneWay="false" action="http://www.holidaywebservice.com/HolidayService_v2/GetHolidaysForYear" name="GetHolidaysForYear" bindingOperationName="GetHolidaysForYear" type="Request-Response" inputName="" receivesAttachments="false" sendsAttachments="false" anonymous="optional"><con:settings/><con:call id="58bb7b76-b1d7-4d82-b5c3-c55316890c50" name="Request 1"><con:settings/><con:encoding>UTF-8</con:encoding><con:endpoint>http://www.holidaywebservice.com/HolidayService_v2/HolidayService2.asmx</con:endpoint><con:request><![CDATA[<soap:Envelope xmlns:soap="http://www.w3.org/2003/05/soap-envelope" xmlns:hol="http://www.holidaywebservice.com/HolidayService_v2/">\r
   <soap:Header/>\r
   <soap:Body>\r
      <hol:GetHolidaysForYear>\r
         <hol:countryCode>?</hol:countryCode>\r
         <hol:year>?</hol:year>\r
      </hol:GetHolidaysForYear>\r
   </soap:Body>\r
</soap:Envelope>]]></con:request><con:wsaConfig mustUnderstand="NONE" version="200508" action="http://www.holidaywebservice.com/HolidayService_v2/HolidayService2Soap/GetHolidaysForYearRequest"/></con:call></con:operation></con:interface><con:interface xsi:type="con:WsdlInterface" id="4e5e159a-836f-499e-8654-7be1014177c7" wsaVersion="NONE" name="HolidayService2Soap" type="wsdl" bindingName="{http://www.holidaywebservice.com/HolidayService_v2/}HolidayService2Soap" soapVersion="1_1" anonymous="optional" definition="http://www.holidaywebservice.com//HolidayService_v2/HolidayService2.asmx?wsdl" xmlns:xsi="http://www.w3.org/2001/XMLSchema-instance"><con:settings/><con:definitionCache type="TEXT" rootPart="http://www.holidaywebservice.com//HolidayService_v2/HolidayService2.asmx?wsdl"><con:part><con:url>http://www.holidaywebservice.com//HolidayService_v2/HolidayService2.asmx?wsdl</con:url><con:content><![CDATA[<wsdl:definitions targetNamespace="http://www.holidaywebservice.com/HolidayService_v2/" xmlns:s="http://www.w3.org/2001/XMLSchema" xmlns:soap12="http://schemas.xmlsoap.org/wsdl/soap12/" xmlns:mime="http://schemas.xmlsoap.org/wsdl/mime/" xmlns:tns="http://www.holidaywebservice.com/HolidayService_v2/" xmlns:soap="http://schemas.xmlsoap.org/wsdl/soap/" xmlns:tm="http://microsoft.com/wsdl/mime/textMatching/" xmlns:http="http://schemas.xmlsoap.org/wsdl/http/" xmlns:soapenc="http://schemas.xmlsoap.org/soap/encoding/" xmlns:wsdl="http://schemas.xmlsoap.org/wsdl/">
  <wsdl:documentation>Web service that calculates holiday dates. (Version 2.0.1)</wsdl:documentation>
  <wsdl:types>
    <s:schema elementFormDefault="qualified" targetNamespace="http://www.holidaywebservice.com/HolidayService_v2/">
      <s:element name="GetCountriesAvailable">
        <s:complexType/>
      </s:element>
      <s:element name="GetCountriesAvailableResponse">
        <s:complexType>
          <s:sequence>
            <s:element minOccurs="0" maxOccurs="1" name="GetCountriesAvailableResult" type="tns:ArrayOfCountryCode"/>
          </s:sequence>
        </s:complexType>
      </s:element>
      <s:complexType name="ArrayOfCountryCode">
        <s:sequence>
          <s:element minOccurs="0" maxOccurs="unbounded" name="CountryCode" nillable="true" type="tns:CountryCode"/>
        </s:sequence>
      </s:complexType>
      <s:complexType name="CountryCode">
        <s:complexContent mixed="false">
          <s:extension base="tns:CodeDescriptionBase"/>
        </s:complexContent>
      </s:complexType>
      <s:complexType name="CodeDescriptionBase" abstract="true">
        <s:sequence>
          <s:element minOccurs="0" maxOccurs="1" name="Code" type="s:string"/>
          <s:element minOccurs="0" maxOccurs="1" name="Description" type="s:string"/>
        </s:sequence>
      </s:complexType>
      <s:element name="GetHolidaysAvailable">
        <s:complexType>
          <s:sequence>
            <s:element minOccurs="1" maxOccurs="1" name="countryCode" type="tns:Country"/>
          </s:sequence>
        </s:complexType>
      </s:element>
      <s:simpleType name="Country">
        <s:restriction base="s:string">
          <s:enumeration value="Canada"/>
          <s:enumeration value="GreatBritain"/>
          <s:enumeration value="IrelandNorthern"/>
          <s:enumeration value="IrelandRepublicOf"/>
          <s:enumeration value="Scotland"/>
          <s:enumeration value="UnitedStates"/>
        </s:restriction>
      </s:simpleType>
      <s:element name="GetHolidaysAvailableResponse">
        <s:complexType>
          <s:sequence>
            <s:element minOccurs="0" maxOccurs="1" name="GetHolidaysAvailableResult" type="tns:ArrayOfHolidayCode"/>
          </s:sequence>
        </s:complexType>
      </s:element>
      <s:complexType name="ArrayOfHolidayCode">
        <s:sequence>
          <s:element minOccurs="0" maxOccurs="unbounded" name="HolidayCode" nillable="true" type="tns:HolidayCode"/>
        </s:sequence>
      </s:complexType>
      <s:complexType name="HolidayCode">
        <s:complexContent mixed="false">
          <s:extension base="tns:CodeDescriptionBase"/>
        </s:complexContent>
      </s:complexType>
      <s:element name="GetHolidayDate">
        <s:complexType>
          <s:sequence>
            <s:element minOccurs="1" maxOccurs="1" name="countryCode" type="tns:Country"/>
            <s:element minOccurs="0" maxOccurs="1" name="holidayCode" type="s:string"/>
            <s:element minOccurs="1" maxOccurs="1" name="year" type="s:int"/>
          </s:sequence>
        </s:complexType>
      </s:element>
      <s:element name="GetHolidayDateResponse">
        <s:complexType>
          <s:sequence>
            <s:element minOccurs="1" maxOccurs="1" name="GetHolidayDateResult" type="s:dateTime"/>
          </s:sequence>
        </s:complexType>
      </s:element>
      <s:element name="GetHolidaysForDateRange">
        <s:complexType>
          <s:sequence>
            <s:element minOccurs="1" maxOccurs="1" name="countryCode" type="tns:Country"/>
            <s:element minOccurs="1" maxOccurs="1" name="startDate" type="s:dateTime"/>
            <s:element minOccurs="1" maxOccurs="1" name="endDate" type="s:dateTime"/>
          </s:sequence>
        </s:complexType>
      </s:element>
      <s:element name="GetHolidaysForDateRangeResponse">
        <s:complexType>
          <s:sequence>
            <s:element minOccurs="0" maxOccurs="1" name="GetHolidaysForDateRangeResult" type="tns:ArrayOfHoliday"/>
          </s:sequence>
        </s:complexType>
      </s:element>
      <s:complexType name="ArrayOfHoliday">
        <s:sequence>
          <s:element minOccurs="0" maxOccurs="unbounded" name="Holiday" nillable="true" type="tns:Holiday"/>
        </s:sequence>
      </s:complexType>
      <s:complexType name="Holiday">
        <s:sequence>
          <s:element minOccurs="1" maxOccurs="1" name="Country" type="tns:Country"/>
          <s:element minOccurs="0" maxOccurs="1" name="HolidayCode" type="s:string"/>
          <s:element minOccurs="0" maxOccurs="1" name="Descriptor" type="s:string"/>
          <s:element minOccurs="1" maxOccurs="1" name="HolidayType" type="tns:HolidayType"/>
          <s:element minOccurs="1" maxOccurs="1" name="DateType" type="tns:HolidayDateType"/>
          <s:element minOccurs="1" maxOccurs="1" name="BankHoliday" type="tns:BankHoliday"/>
          <s:element minOccurs="1" maxOccurs="1" name="Date" type="s:dateTime"/>
          <s:element minOccurs="0" maxOccurs="1" name="RelatedHolidayCode" type="s:string"/>
          <s:element minOccurs="0" maxOccurs="1" name="ApplicableRegions" type="tns:ArrayOfRegionCode"/>
        </s:sequence>
      </s:complexType>
      <s:simpleType name="HolidayType">
        <s:restriction base="s:string">
          <s:enumeration value="Notable"/>
          <s:enumeration value="Religious"/>
          <s:enumeration value="NotableReligious"/>
          <s:enumeration value="Other"/>
        </s:restriction>
      </s:simpleType>
      <s:simpleType name="HolidayDateType">
        <s:restriction base="s:string">
          <s:enumeration value="Observed"/>
          <s:enumeration value="Actual"/>
          <s:enumeration value="ObservedActual"/>
        </s:restriction>
      </s:simpleType>
      <s:simpleType name="BankHoliday">
        <s:restriction base="s:string">
          <s:enumeration value="Recognized"/>
          <s:enumeration value="NotRecognized"/>
        </s:restriction>
      </s:simpleType>
      <s:complexType name="ArrayOfRegionCode">
        <s:sequence>
          <s:element minOccurs="0" maxOccurs="unbounded" name="RegionCode" nillable="true" type="tns:RegionCode"/>
        </s:sequence>
      </s:complexType>
      <s:complexType name="RegionCode">
        <s:complexContent mixed="false">
          <s:extension base="tns:CodeDescriptionBase"/>
        </s:complexContent>
      </s:complexType>
      <s:element name="GetHolidaysForYear">
        <s:complexType>
          <s:sequence>
            <s:element minOccurs="1" maxOccurs="1" name="countryCode" type="tns:Country"/>
            <s:element minOccurs="1" maxOccurs="1" name="year" type="s:int"/>
          </s:sequence>
        </s:complexType>
      </s:element>
      <s:element name="GetHolidaysForYearResponse">
        <s:complexType>
          <s:sequence>
            <s:element minOccurs="0" maxOccurs="1" name="GetHolidaysForYearResult" type="tns:ArrayOfHoliday"/>
          </s:sequence>
        </s:complexType>
      </s:element>
      <s:element name="GetHolidaysForMonth">
        <s:complexType>
          <s:sequence>
            <s:element minOccurs="1" maxOccurs="1" name="countryCode" type="tns:Country"/>
            <s:element minOccurs="1" maxOccurs="1" name="year" type="s:int"/>
            <s:element minOccurs="1" maxOccurs="1" name="month" type="s:int"/>
          </s:sequence>
        </s:complexType>
      </s:element>
      <s:element name="GetHolidaysForMonthResponse">
        <s:complexType>
          <s:sequence>
            <s:element minOccurs="0" maxOccurs="1" name="GetHolidaysForMonthResult" type="tns:ArrayOfHoliday"/>
          </s:sequence>
        </s:complexType>
      </s:element>
      <s:element name="ArrayOfCountryCode" nillable="true" type="tns:ArrayOfCountryCode"/>
      <s:element name="ArrayOfHolidayCode" nillable="true" type="tns:ArrayOfHolidayCode"/>
      <s:element name="dateTime" type="s:dateTime"/>
      <s:element name="ArrayOfHoliday" nillable="true" type="tns:ArrayOfHoliday"/>
    </s:schema>
  </wsdl:types>
  <wsdl:message name="GetCountriesAvailableSoapIn">
    <wsdl:part name="parameters" element="tns:GetCountriesAvailable"/>
  </wsdl:message>
  <wsdl:message name="GetCountriesAvailableSoapOut">
    <wsdl:part name="parameters" element="tns:GetCountriesAvailableResponse"/>
  </wsdl:message>
  <wsdl:message name="GetHolidaysAvailableSoapIn">
    <wsdl:part name="parameters" element="tns:GetHolidaysAvailable"/>
  </wsdl:message>
  <wsdl:message name="GetHolidaysAvailableSoapOut">
    <wsdl:part name="parameters" element="tns:GetHolidaysAvailableResponse"/>
  </wsdl:message>
  <wsdl:message name="GetHolidayDateSoapIn">
    <wsdl:part name="parameters" element="tns:GetHolidayDate"/>
  </wsdl:message>
  <wsdl:message name="GetHolidayDateSoapOut">
    <wsdl:part name="parameters" element="tns:GetHolidayDateResponse"/>
  </wsdl:message>
  <wsdl:message name="GetHolidaysForDateRangeSoapIn">
    <wsdl:part name="parameters" element="tns:GetHolidaysForDateRange"/>
  </wsdl:message>
  <wsdl:message name="GetHolidaysForDateRangeSoapOut">
    <wsdl:part name="parameters" element="tns:GetHolidaysForDateRangeResponse"/>
  </wsdl:message>
  <wsdl:message name="GetHolidaysForYearSoapIn">
    <wsdl:part name="parameters" element="tns:GetHolidaysForYear"/>
  </wsdl:message>
  <wsdl:message name="GetHolidaysForYearSoapOut">
    <wsdl:part name="parameters" element="tns:GetHolidaysForYearResponse"/>
  </wsdl:message>
  <wsdl:message name="GetHolidaysForMonthSoapIn">
    <wsdl:part name="parameters" element="tns:GetHolidaysForMonth"/>
  </wsdl:message>
  <wsdl:message name="GetHolidaysForMonthSoapOut">
    <wsdl:part name="parameters" element="tns:GetHolidaysForMonthResponse"/>
  </wsdl:message>
  <wsdl:message name="GetCountriesAvailableHttpGetIn"/>
  <wsdl:message name="GetCountriesAvailableHttpGetOut">
    <wsdl:part name="Body" element="tns:ArrayOfCountryCode"/>
  </wsdl:message>
  <wsdl:message name="GetHolidaysAvailableHttpGetIn">
    <wsdl:part name="countryCode" type="s:string"/>
  </wsdl:message>
  <wsdl:message name="GetHolidaysAvailableHttpGetOut">
    <wsdl:part name="Body" element="tns:ArrayOfHolidayCode"/>
  </wsdl:message>
  <wsdl:message name="GetHolidayDateHttpGetIn">
    <wsdl:part name="countryCode" type="s:string"/>
    <wsdl:part name="holidayCode" type="s:string"/>
    <wsdl:part name="year" type="s:string"/>
  </wsdl:message>
  <wsdl:message name="GetHolidayDateHttpGetOut">
    <wsdl:part name="Body" element="tns:dateTime"/>
  </wsdl:message>
  <wsdl:message name="GetHolidaysForDateRangeHttpGetIn">
    <wsdl:part name="countryCode" type="s:string"/>
    <wsdl:part name="startDate" type="s:string"/>
    <wsdl:part name="endDate" type="s:string"/>
  </wsdl:message>
  <wsdl:message name="GetHolidaysForDateRangeHttpGetOut">
    <wsdl:part name="Body" element="tns:ArrayOfHoliday"/>
  </wsdl:message>
  <wsdl:message name="GetHolidaysForYearHttpGetIn">
    <wsdl:part name="countryCode" type="s:string"/>
    <wsdl:part name="year" type="s:string"/>
  </wsdl:message>
  <wsdl:message name="GetHolidaysForYearHttpGetOut">
    <wsdl:part name="Body" element="tns:ArrayOfHoliday"/>
  </wsdl:message>
  <wsdl:message name="GetHolidaysForMonthHttpGetIn">
    <wsdl:part name="countryCode" type="s:string"/>
    <wsdl:part name="year" type="s:string"/>
    <wsdl:part name="month" type="s:string"/>
  </wsdl:message>
  <wsdl:message name="GetHolidaysForMonthHttpGetOut">
    <wsdl:part name="Body" element="tns:ArrayOfHoliday"/>
  </wsdl:message>
  <wsdl:message name="GetCountriesAvailableHttpPostIn"/>
  <wsdl:message name="GetCountriesAvailableHttpPostOut">
    <wsdl:part name="Body" element="tns:ArrayOfCountryCode"/>
  </wsdl:message>
  <wsdl:message name="GetHolidaysAvailableHttpPostIn">
    <wsdl:part name="countryCode" type="s:string"/>
  </wsdl:message>
  <wsdl:message name="GetHolidaysAvailableHttpPostOut">
    <wsdl:part name="Body" element="tns:ArrayOfHolidayCode"/>
  </wsdl:message>
  <wsdl:message name="GetHolidayDateHttpPostIn">
    <wsdl:part name="countryCode" type="s:string"/>
    <wsdl:part name="holidayCode" type="s:string"/>
    <wsdl:part name="year" type="s:string"/>
  </wsdl:message>
  <wsdl:message name="GetHolidayDateHttpPostOut">
    <wsdl:part name="Body" element="tns:dateTime"/>
  </wsdl:message>
  <wsdl:message name="GetHolidaysForDateRangeHttpPostIn">
    <wsdl:part name="countryCode" type="s:string"/>
    <wsdl:part name="startDate" type="s:string"/>
    <wsdl:part name="endDate" type="s:string"/>
  </wsdl:message>
  <wsdl:message name="GetHolidaysForDateRangeHttpPostOut">
    <wsdl:part name="Body" element="tns:ArrayOfHoliday"/>
  </wsdl:message>
  <wsdl:message name="GetHolidaysForYearHttpPostIn">
    <wsdl:part name="countryCode" type="s:string"/>
    <wsdl:part name="year" type="s:string"/>
  </wsdl:message>
  <wsdl:message name="GetHolidaysForYearHttpPostOut">
    <wsdl:part name="Body" element="tns:ArrayOfHoliday"/>
  </wsdl:message>
  <wsdl:message name="GetHolidaysForMonthHttpPostIn">
    <wsdl:part name="countryCode" type="s:string"/>
    <wsdl:part name="year" type="s:string"/>
    <wsdl:part name="month" type="s:string"/>
  </wsdl:message>
  <wsdl:message name="GetHolidaysForMonthHttpPostOut">
    <wsdl:part name="Body" element="tns:ArrayOfHoliday"/>
  </wsdl:message>
  <wsdl:portType name="HolidayService2Soap">
    <wsdl:operation name="GetCountriesAvailable">
      <wsdl:documentation>Get the available countries.</wsdl:documentation>
      <wsdl:input message="tns:GetCountriesAvailableSoapIn"/>
      <wsdl:output message="tns:GetCountriesAvailableSoapOut"/>
    </wsdl:operation>
    <wsdl:operation name="GetHolidaysAvailable">
      <wsdl:documentation>Get the available holidays for a specified country.</wsdl:documentation>
      <wsdl:input message="tns:GetHolidaysAvailableSoapIn"/>
      <wsdl:output message="tns:GetHolidaysAvailableSoapOut"/>
    </wsdl:operation>
    <wsdl:operation name="GetHolidayDate">
      <wsdl:documentation>Get the date of a specific holiday.</wsdl:documentation>
      <wsdl:input message="tns:GetHolidayDateSoapIn"/>
      <wsdl:output message="tns:GetHolidayDateSoapOut"/>
    </wsdl:operation>
    <wsdl:operation name="GetHolidaysForDateRange">
      <wsdl:documentation>Get the holidays for a date range.</wsdl:documentation>
      <wsdl:input message="tns:GetHolidaysForDateRangeSoapIn"/>
      <wsdl:output message="tns:GetHolidaysForDateRangeSoapOut"/>
    </wsdl:operation>
    <wsdl:operation name="GetHolidaysForYear">
      <wsdl:documentation>Get the holidays for an entire year.</wsdl:documentation>
      <wsdl:input message="tns:GetHolidaysForYearSoapIn"/>
      <wsdl:output message="tns:GetHolidaysForYearSoapOut"/>
    </wsdl:operation>
    <wsdl:operation name="GetHolidaysForMonth">
      <wsdl:documentation>Get the holidays for a specific month.</wsdl:documentation>
      <wsdl:input message="tns:GetHolidaysForMonthSoapIn"/>
      <wsdl:output message="tns:GetHolidaysForMonthSoapOut"/>
    </wsdl:operation>
  </wsdl:portType>
  <wsdl:portType name="HolidayService2HttpGet">
    <wsdl:operation name="GetCountriesAvailable">
      <wsdl:documentation>Get the available countries.</wsdl:documentation>
      <wsdl:input message="tns:GetCountriesAvailableHttpGetIn"/>
      <wsdl:output message="tns:GetCountriesAvailableHttpGetOut"/>
    </wsdl:operation>
    <wsdl:operation name="GetHolidaysAvailable">
      <wsdl:documentation>Get the available holidays for a specified country.</wsdl:documentation>
      <wsdl:input message="tns:GetHolidaysAvailableHttpGetIn"/>
      <wsdl:output message="tns:GetHolidaysAvailableHttpGetOut"/>
    </wsdl:operation>
    <wsdl:operation name="GetHolidayDate">
      <wsdl:documentation>Get the date of a specific holiday.</wsdl:documentation>
      <wsdl:input message="tns:GetHolidayDateHttpGetIn"/>
      <wsdl:output message="tns:GetHolidayDateHttpGetOut"/>
    </wsdl:operation>
    <wsdl:operation name="GetHolidaysForDateRange">
      <wsdl:documentation>Get the holidays for a date range.</wsdl:documentation>
      <wsdl:input message="tns:GetHolidaysForDateRangeHttpGetIn"/>
      <wsdl:output message="tns:GetHolidaysForDateRangeHttpGetOut"/>
    </wsdl:operation>
    <wsdl:operation name="GetHolidaysForYear">
      <wsdl:documentation>Get the holidays for an entire year.</wsdl:documentation>
      <wsdl:input message="tns:GetHolidaysForYearHttpGetIn"/>
      <wsdl:output message="tns:GetHolidaysForYearHttpGetOut"/>
    </wsdl:operation>
    <wsdl:operation name="GetHolidaysForMonth">
      <wsdl:documentation>Get the holidays for a specific month.</wsdl:documentation>
      <wsdl:input message="tns:GetHolidaysForMonthHttpGetIn"/>
      <wsdl:output message="tns:GetHolidaysForMonthHttpGetOut"/>
    </wsdl:operation>
  </wsdl:portType>
  <wsdl:portType name="HolidayService2HttpPost">
    <wsdl:operation name="GetCountriesAvailable">
      <wsdl:documentation>Get the available countries.</wsdl:documentation>
      <wsdl:input message="tns:GetCountriesAvailableHttpPostIn"/>
      <wsdl:output message="tns:GetCountriesAvailableHttpPostOut"/>
    </wsdl:operation>
    <wsdl:operation name="GetHolidaysAvailable">
      <wsdl:documentation>Get the available holidays for a specified country.</wsdl:documentation>
      <wsdl:input message="tns:GetHolidaysAvailableHttpPostIn"/>
      <wsdl:output message="tns:GetHolidaysAvailableHttpPostOut"/>
    </wsdl:operation>
    <wsdl:operation name="GetHolidayDate">
      <wsdl:documentation>Get the date of a specific holiday.</wsdl:documentation>
      <wsdl:input message="tns:GetHolidayDateHttpPostIn"/>
      <wsdl:output message="tns:GetHolidayDateHttpPostOut"/>
    </wsdl:operation>
    <wsdl:operation name="GetHolidaysForDateRange">
      <wsdl:documentation>Get the holidays for a date range.</wsdl:documentation>
      <wsdl:input message="tns:GetHolidaysForDateRangeHttpPostIn"/>
      <wsdl:output message="tns:GetHolidaysForDateRangeHttpPostOut"/>
    </wsdl:operation>
    <wsdl:operation name="GetHolidaysForYear">
      <wsdl:documentation>Get the holidays for an entire year.</wsdl:documentation>
      <wsdl:input message="tns:GetHolidaysForYearHttpPostIn"/>
      <wsdl:output message="tns:GetHolidaysForYearHttpPostOut"/>
    </wsdl:operation>
    <wsdl:operation name="GetHolidaysForMonth">
      <wsdl:documentation>Get the holidays for a specific month.</wsdl:documentation>
      <wsdl:input message="tns:GetHolidaysForMonthHttpPostIn"/>
      <wsdl:output message="tns:GetHolidaysForMonthHttpPostOut"/>
    </wsdl:operation>
  </wsdl:portType>
  <wsdl:binding name="HolidayService2Soap" type="tns:HolidayService2Soap">
    <soap:binding transport="http://schemas.xmlsoap.org/soap/http"/>
    <wsdl:operation name="GetCountriesAvailable">
      <soap:operation soapAction="http://www.holidaywebservice.com/HolidayService_v2/GetCountriesAvailable" style="document"/>
      <wsdl:input>
        <soap:body use="literal"/>
      </wsdl:input>
      <wsdl:output>
        <soap:body use="literal"/>
      </wsdl:output>
    </wsdl:operation>
    <wsdl:operation name="GetHolidaysAvailable">
      <soap:operation soapAction="http://www.holidaywebservice.com/HolidayService_v2/GetHolidaysAvailable" style="document"/>
      <wsdl:input>
        <soap:body use="literal"/>
      </wsdl:input>
      <wsdl:output>
        <soap:body use="literal"/>
      </wsdl:output>
    </wsdl:operation>
    <wsdl:operation name="GetHolidayDate">
      <soap:operation soapAction="http://www.holidaywebservice.com/HolidayService_v2/GetHolidayDate" style="document"/>
      <wsdl:input>
        <soap:body use="literal"/>
      </wsdl:input>
      <wsdl:output>
        <soap:body use="literal"/>
      </wsdl:output>
    </wsdl:operation>
    <wsdl:operation name="GetHolidaysForDateRange">
      <soap:operation soapAction="http://www.holidaywebservice.com/HolidayService_v2/GetHolidaysForDateRange" style="document"/>
      <wsdl:input>
        <soap:body use="literal"/>
      </wsdl:input>
      <wsdl:output>
        <soap:body use="literal"/>
      </wsdl:output>
    </wsdl:operation>
    <wsdl:operation name="GetHolidaysForYear">
      <soap:operation soapAction="http://www.holidaywebservice.com/HolidayService_v2/GetHolidaysForYear" style="document"/>
      <wsdl:input>
        <soap:body use="literal"/>
      </wsdl:input>
      <wsdl:output>
        <soap:body use="literal"/>
      </wsdl:output>
    </wsdl:operation>
    <wsdl:operation name="GetHolidaysForMonth">
      <soap:operation soapAction="http://www.holidaywebservice.com/HolidayService_v2/GetHolidaysForMonth" style="document"/>
      <wsdl:input>
        <soap:body use="literal"/>
      </wsdl:input>
      <wsdl:output>
        <soap:body use="literal"/>
      </wsdl:output>
    </wsdl:operation>
  </wsdl:binding>
  <wsdl:binding name="HolidayService2Soap12" type="tns:HolidayService2Soap">
    <soap12:binding transport="http://schemas.xmlsoap.org/soap/http"/>
    <wsdl:operation name="GetCountriesAvailable">
      <soap12:operation soapAction="http://www.holidaywebservice.com/HolidayService_v2/GetCountriesAvailable" style="document"/>
      <wsdl:input>
        <soap12:body use="literal"/>
      </wsdl:input>
      <wsdl:output>
        <soap12:body use="literal"/>
      </wsdl:output>
    </wsdl:operation>
    <wsdl:operation name="GetHolidaysAvailable">
      <soap12:operation soapAction="http://www.holidaywebservice.com/HolidayService_v2/GetHolidaysAvailable" style="document"/>
      <wsdl:input>
        <soap12:body use="literal"/>
      </wsdl:input>
      <wsdl:output>
        <soap12:body use="literal"/>
      </wsdl:output>
    </wsdl:operation>
    <wsdl:operation name="GetHolidayDate">
      <soap12:operation soapAction="http://www.holidaywebservice.com/HolidayService_v2/GetHolidayDate" style="document"/>
      <wsdl:input>
        <soap12:body use="literal"/>
      </wsdl:input>
      <wsdl:output>
        <soap12:body use="literal"/>
      </wsdl:output>
    </wsdl:operation>
    <wsdl:operation name="GetHolidaysForDateRange">
      <soap12:operation soapAction="http://www.holidaywebservice.com/HolidayService_v2/GetHolidaysForDateRange" style="document"/>
      <wsdl:input>
        <soap12:body use="literal"/>
      </wsdl:input>
      <wsdl:output>
        <soap12:body use="literal"/>
      </wsdl:output>
    </wsdl:operation>
    <wsdl:operation name="GetHolidaysForYear">
      <soap12:operation soapAction="http://www.holidaywebservice.com/HolidayService_v2/GetHolidaysForYear" style="document"/>
      <wsdl:input>
        <soap12:body use="literal"/>
      </wsdl:input>
      <wsdl:output>
        <soap12:body use="literal"/>
      </wsdl:output>
    </wsdl:operation>
    <wsdl:operation name="GetHolidaysForMonth">
      <soap12:operation soapAction="http://www.holidaywebservice.com/HolidayService_v2/GetHolidaysForMonth" style="document"/>
      <wsdl:input>
        <soap12:body use="literal"/>
      </wsdl:input>
      <wsdl:output>
        <soap12:body use="literal"/>
      </wsdl:output>
    </wsdl:operation>
  </wsdl:binding>
  <wsdl:binding name="HolidayService2HttpGet" type="tns:HolidayService2HttpGet">
    <http:binding verb="GET"/>
    <wsdl:operation name="GetCountriesAvailable">
      <http:operation location="/GetCountriesAvailable"/>
      <wsdl:input>
        <http:urlEncoded/>
      </wsdl:input>
      <wsdl:output>
        <mime:mimeXml part="Body"/>
      </wsdl:output>
    </wsdl:operation>
    <wsdl:operation name="GetHolidaysAvailable">
      <http:operation location="/GetHolidaysAvailable"/>
      <wsdl:input>
        <http:urlEncoded/>
      </wsdl:input>
      <wsdl:output>
        <mime:mimeXml part="Body"/>
      </wsdl:output>
    </wsdl:operation>
    <wsdl:operation name="GetHolidayDate">
      <http:operation location="/GetHolidayDate"/>
      <wsdl:input>
        <http:urlEncoded/>
      </wsdl:input>
      <wsdl:output>
        <mime:mimeXml part="Body"/>
      </wsdl:output>
    </wsdl:operation>
    <wsdl:operation name="GetHolidaysForDateRange">
      <http:operation location="/GetHolidaysForDateRange"/>
      <wsdl:input>
        <http:urlEncoded/>
      </wsdl:input>
      <wsdl:output>
        <mime:mimeXml part="Body"/>
      </wsdl:output>
    </wsdl:operation>
    <wsdl:operation name="GetHolidaysForYear">
      <http:operation location="/GetHolidaysForYear"/>
      <wsdl:input>
        <http:urlEncoded/>
      </wsdl:input>
      <wsdl:output>
        <mime:mimeXml part="Body"/>
      </wsdl:output>
    </wsdl:operation>
    <wsdl:operation name="GetHolidaysForMonth">
      <http:operation location="/GetHolidaysForMonth"/>
      <wsdl:input>
        <http:urlEncoded/>
      </wsdl:input>
      <wsdl:output>
        <mime:mimeXml part="Body"/>
      </wsdl:output>
    </wsdl:operation>
  </wsdl:binding>
  <wsdl:binding name="HolidayService2HttpPost" type="tns:HolidayService2HttpPost">
    <http:binding verb="POST"/>
    <wsdl:operation name="GetCountriesAvailable">
      <http:operation location="/GetCountriesAvailable"/>
      <wsdl:input>
        <mime:content type="application/x-www-form-urlencoded"/>
      </wsdl:input>
      <wsdl:output>
        <mime:mimeXml part="Body"/>
      </wsdl:output>
    </wsdl:operation>
    <wsdl:operation name="GetHolidaysAvailable">
      <http:operation location="/GetHolidaysAvailable"/>
      <wsdl:input>
        <mime:content type="application/x-www-form-urlencoded"/>
      </wsdl:input>
      <wsdl:output>
        <mime:mimeXml part="Body"/>
      </wsdl:output>
    </wsdl:operation>
    <wsdl:operation name="GetHolidayDate">
      <http:operation location="/GetHolidayDate"/>
      <wsdl:input>
        <mime:content type="application/x-www-form-urlencoded"/>
      </wsdl:input>
      <wsdl:output>
        <mime:mimeXml part="Body"/>
      </wsdl:output>
    </wsdl:operation>
    <wsdl:operation name="GetHolidaysForDateRange">
      <http:operation location="/GetHolidaysForDateRange"/>
      <wsdl:input>
        <mime:content type="application/x-www-form-urlencoded"/>
      </wsdl:input>
      <wsdl:output>
        <mime:mimeXml part="Body"/>
      </wsdl:output>
    </wsdl:operation>
    <wsdl:operation name="GetHolidaysForYear">
      <http:operation location="/GetHolidaysForYear"/>
      <wsdl:input>
        <mime:content type="application/x-www-form-urlencoded"/>
      </wsdl:input>
      <wsdl:output>
        <mime:mimeXml part="Body"/>
      </wsdl:output>
    </wsdl:operation>
    <wsdl:operation name="GetHolidaysForMonth">
      <http:operation location="/GetHolidaysForMonth"/>
      <wsdl:input>
        <mime:content type="application/x-www-form-urlencoded"/>
      </wsdl:input>
      <wsdl:output>
        <mime:mimeXml part="Body"/>
      </wsdl:output>
    </wsdl:operation>
  </wsdl:binding>
  <wsdl:service name="HolidayService2">
    <wsdl:documentation>Web service that calculates holiday dates. (Version 2.0.1)</wsdl:documentation>
    <wsdl:port name="HolidayService2Soap" binding="tns:HolidayService2Soap">
      <soap:address location="http://www.holidaywebservice.com/HolidayService_v2/HolidayService2.asmx"/>
    </wsdl:port>
    <wsdl:port name="HolidayService2Soap12" binding="tns:HolidayService2Soap12">
      <soap12:address location="http://www.holidaywebservice.com/HolidayService_v2/HolidayService2.asmx"/>
    </wsdl:port>
    <wsdl:port name="HolidayService2HttpGet" binding="tns:HolidayService2HttpGet">
      <http:address location="http://www.holidaywebservice.com/HolidayService_v2/HolidayService2.asmx"/>
    </wsdl:port>
    <wsdl:port name="HolidayService2HttpPost" binding="tns:HolidayService2HttpPost">
      <http:address location="http://www.holidaywebservice.com/HolidayService_v2/HolidayService2.asmx"/>
    </wsdl:port>
  </wsdl:service>
</wsdl:definitions>]]></con:content><con:type>http://schemas.xmlsoap.org/wsdl/</con:type></con:part></con:definitionCache><con:endpoints><con:endpoint>http://www.holidaywebservice.com/HolidayService_v2/HolidayService2.asmx</con:endpoint></con:endpoints><con:operation id="90f175ee-0e4d-4c77-8c05-62875f97f8e0" isOneWay="false" action="http://www.holidaywebservice.com/HolidayService_v2/GetCountriesAvailable" name="GetCountriesAvailable" bindingOperationName="GetCountriesAvailable" type="Request-Response" inputName="" receivesAttachments="false" sendsAttachments="false" anonymous="optional"><con:settings/><con:call id="cc5935a8-ffa4-4224-8409-d28a453b0539" name="Request 1"><con:settings/><con:encoding>UTF-8</con:encoding><con:endpoint>http://www.holidaywebservice.com/HolidayService_v2/HolidayService2.asmx</con:endpoint><con:request><![CDATA[<soapenv:Envelope xmlns:soapenv="http://schemas.xmlsoap.org/soap/envelope/" xmlns:hol="http://www.holidaywebservice.com/HolidayService_v2/">\r
   <soapenv:Header/>\r
   <soapenv:Body>\r
      <hol:GetCountriesAvailable/>\r
   </soapenv:Body>\r
</soapenv:Envelope>]]></con:request><con:wsaConfig mustUnderstand="NONE" version="200508" action="http://www.holidaywebservice.com/HolidayService_v2/GetCountriesAvailable"/></con:call></con:operation><con:operation id="8e1bb9c4-848e-481e-800b-43fec10b1a7c" isOneWay="false" action="http://www.holidaywebservice.com/HolidayService_v2/GetHolidayDate" name="GetHolidayDate" bindingOperationName="GetHolidayDate" type="Request-Response" inputName="" receivesAttachments="false" sendsAttachments="false" anonymous="optional"><con:settings/><con:call id="5ad7ea68-0d28-44df-8cdb-d7e2b7e6d7fc" name="Request 1"><con:settings/><con:encoding>UTF-8</con:encoding><con:endpoint>http://www.holidaywebservice.com/HolidayService_v2/HolidayService2.asmx</con:endpoint><con:request><![CDATA[<soapenv:Envelope xmlns:soapenv="http://schemas.xmlsoap.org/soap/envelope/" xmlns:hol="http://www.holidaywebservice.com/HolidayService_v2/">\r
   <soapenv:Header/>\r
   <soapenv:Body>\r
      <hol:GetHolidayDate>\r
         <hol:countryCode>?</hol:countryCode>\r
         <!--Optional:-->\r
         <hol:holidayCode>?</hol:holidayCode>\r
         <hol:year>?</hol:year>\r
      </hol:GetHolidayDate>\r
   </soapenv:Body>\r
</soapenv:Envelope>]]></con:request><con:wsaConfig mustUnderstand="NONE" version="200508" action="http://www.holidaywebservice.com/HolidayService_v2/GetHolidayDate"/></con:call></con:operation><con:operation id="6971e960-fcff-4474-89dc-07ed371d540c" isOneWay="false" action="http://www.holidaywebservice.com/HolidayService_v2/GetHolidaysAvailable" name="GetHolidaysAvailable" bindingOperationName="GetHolidaysAvailable" type="Request-Response" inputName="" receivesAttachments="false" sendsAttachments="false" anonymous="optional"><con:settings/><con:call id="d950074a-1a2f-4dd3-b2dc-6f4f2ba5a2d5" name="Request 1"><con:settings/><con:encoding>UTF-8</con:encoding><con:endpoint>http://www.holidaywebservice.com/HolidayService_v2/HolidayService2.asmx</con:endpoint><con:request><![CDATA[<soapenv:Envelope xmlns:soapenv="http://schemas.xmlsoap.org/soap/envelope/" xmlns:hol="http://www.holidaywebservice.com/HolidayService_v2/">\r
   <soapenv:Header/>\r
   <soapenv:Body>\r
      <hol:GetHolidaysAvailable>\r
         <hol:countryCode>?</hol:countryCode>\r
      </hol:GetHolidaysAvailable>\r
   </soapenv:Body>\r
</soapenv:Envelope>]]></con:request><con:wsaConfig mustUnderstand="NONE" version="200508" action="http://www.holidaywebservice.com/HolidayService_v2/GetHolidaysAvailable"/></con:call></con:operation><con:operation id="c356418e-6615-451d-b79a-cafa36b53cfe" isOneWay="false" action="http://www.holidaywebservice.com/HolidayService_v2/GetHolidaysForDateRange" name="GetHolidaysForDateRange" bindingOperationName="GetHolidaysForDateRange" type="Request-Response" inputName="" receivesAttachments="false" sendsAttachments="false" anonymous="optional"><con:settings/><con:call id="1bffcb90-abc4-4d9f-a3e7-060ea9c0803e" name="Request 1"><con:settings/><con:encoding>UTF-8</con:encoding><con:endpoint>http://www.holidaywebservice.com/HolidayService_v2/HolidayService2.asmx</con:endpoint><con:request><![CDATA[<soapenv:Envelope xmlns:soapenv="http://schemas.xmlsoap.org/soap/envelope/" xmlns:hol="http://www.holidaywebservice.com/HolidayService_v2/">\r
   <soapenv:Header/>\r
   <soapenv:Body>\r
      <hol:GetHolidaysForDateRange>\r
         <hol:countryCode>?</hol:countryCode>\r
         <hol:startDate>?</hol:startDate>\r
         <hol:endDate>?</hol:endDate>\r
      </hol:GetHolidaysForDateRange>\r
   </soapenv:Body>\r
</soapenv:Envelope>]]></con:request><con:wsaConfig mustUnderstand="NONE" version="200508" action="http://www.holidaywebservice.com/HolidayService_v2/GetHolidaysForDateRange"/></con:call></con:operation><con:operation id="385e7eea-24b6-488f-a072-4d6981dc08b3" isOneWay="false" action="http://www.holidaywebservice.com/HolidayService_v2/GetHolidaysForMonth" name="GetHolidaysForMonth" bindingOperationName="GetHolidaysForMonth" type="Request-Response" inputName="" receivesAttachments="false" sendsAttachments="false" anonymous="optional"><con:settings/><con:call id="39ea14d5-f451-41ec-a5a0-4deadba4aa33" name="Request 1"><con:settings/><con:encoding>UTF-8</con:encoding><con:endpoint>http://www.holidaywebservice.com/HolidayService_v2/HolidayService2.asmx</con:endpoint><con:request><![CDATA[<soapenv:Envelope xmlns:soapenv="http://schemas.xmlsoap.org/soap/envelope/" xmlns:hol="http://www.holidaywebservice.com/HolidayService_v2/">\r
   <soapenv:Header/>\r
   <soapenv:Body>\r
      <hol:GetHolidaysForMonth>\r
         <hol:countryCode>?</hol:countryCode>\r
         <hol:year>?</hol:year>\r
         <hol:month>?</hol:month>\r
      </hol:GetHolidaysForMonth>\r
   </soapenv:Body>\r
</soapenv:Envelope>]]></con:request><con:wsaConfig mustUnderstand="NONE" version="200508" action="http://www.holidaywebservice.com/HolidayService_v2/GetHolidaysForMonth"/></con:call></con:operation><con:operation id="b3a0d3c6-0c16-4a06-8191-361912adae1c" isOneWay="false" action="http://www.holidaywebservice.com/HolidayService_v2/GetHolidaysForYear" name="GetHolidaysForYear" bindingOperationName="GetHolidaysForYear" type="Request-Response" inputName="" receivesAttachments="false" sendsAttachments="false" anonymous="optional"><con:settings/><con:call id="06f002f1-b8fe-4a1a-85c7-ba4d0d90053d" name="Request 1"><con:settings/><con:encoding>UTF-8</con:encoding><con:endpoint>http://www.holidaywebservice.com/HolidayService_v2/HolidayService2.asmx</con:endpoint><con:request><![CDATA[<soapenv:Envelope xmlns:soapenv="http://schemas.xmlsoap.org/soap/envelope/" xmlns:hol="http://www.holidaywebservice.com/HolidayService_v2/">\r
   <soapenv:Header/>\r
   <soapenv:Body>\r
      <hol:GetHolidaysForYear>\r
         <hol:countryCode>?</hol:countryCode>\r
         <hol:year>?</hol:year>\r
      </hol:GetHolidaysForYear>\r
   </soapenv:Body>\r
</soapenv:Envelope>]]></con:request><con:wsaConfig mustUnderstand="NONE" version="200508" action="http://www.holidaywebservice.com/HolidayService_v2/GetHolidaysForYear"/></con:call></con:operation></con:interface><con:properties/><con:wssContainer/><con:oAuth2ProfileContainer/><con:oAuth1ProfileContainer/></con:soapui-project>